Program,Region
AHOD,AP
TAHOD,AP
TASER,AP
TApHOD,AP
BI-ANSS,CA
BI-CHUK,CA
BI-HPRC,CA
CO-BHC,CA
CM-GHY,CA
CM-MHY,CA
CO-KLPH,CA
RW-BETHSAID,CA
RW-BUSANZA,CA
RW-GAHANGA,CA
RW-GIKONDO,CA
RW-KABUGA,CA
RW-KANOMBE,CA
RW-KICUKURI,CA
RW-MASAKA,CA
RW-NYARUGUNGA,CA
RW-WE-ACTX,CA
Fundacion Huesped,CN
FIOCRUZ,CN
NA,CN
AMPATH,EA
FACES,EA
MTCT-PLUS,EA
RAKAI,EA
NACP,EA
MASAKA,EA
MBARARA,EA
IDI,EA
AMPATH NON-HIV,EA
SAC,NA
ALLRT,NA
SUN,NA
HIVRN,NA
MHCS-II,NA
LSOCA,NA
UCHCC,NA
HOPS,NA
VACS,NA
WIHS,NA
CWRU,NA
OHTN,NA
MACS,NA
RRC,NA
MONT,NA
Vanderbilt,NA
KPMAS,NA
UW,NA
KPNC,NA
UAB 1917,NA
SCOPE,NA
HOMER,NA
FENWAY,NA
ALIVE,NA
JHHCC,NA
Hlabisa,SA
SMARTMOZ,SA
Aurum,SA
CIDRZ,SA
SMARTZIM,SA
SMARTLES,SA
Gugulethu,SA
Harrietshezi,SA
LIGHTHOUSE,SA
Masiphumelele,SA
Mccord,SA
Khayelitsha,SA
NEWLANDS,SA
QUEEN_ELISABETH,SA
Rahimamoosa,SA
Redcross,SA
Thembalethu,SA
Tygerberg,SA
BANDIM,WA
BOBO,WA
CePReF,WA
CHUC,WA
CHUCDG,WA
CHUY,WA
CHUYO,WA
CIRBA,WA
CNHU,WA
CNTS,WA
GABRIEL,WA
KBTH,WA
MACENTA,WA
MTCTP,WA
POINTG,WA
ROYER,WA
SMIT,WA
SMITD,WA
TOKOIN,WA
UATH,WA
UBTH,WA
USAC,WA
